-- phpMyAdmin SQL Dump
-- version 5.0.4
-- https://www.phpmyadmin.net/
--
-- Host: 127.0.0.1:2112
-- Generation Time: Aug 05, 2021 at 07:08 AM
-- Server version: 10.4.17-MariaDB
-- PHP Version: 8.0.0

SET SQL_MODE = "NO_AUTO_VALUE_ON_ZERO";
START TRANSACTION;
SET time_zone = "+00:00";


/*!40101 SET @OLD_CHARACTER_SET_CLIENT=@@CHARACTER_SET_CLIENT */;
/*!40101 SET @OLD_CHARACTER_SET_RESULTS=@@CHARACTER_SET_RESULTS */;
/*!40101 SET @OLD_COLLATION_CONNECTION=@@COLLATION_CONNECTION */;
/*!40101 SET NAMES utf8mb4 */;

--
-- Database: `dbpus`
--

-- --------------------------------------------------------

--
-- Table structure for table `admin`
--

CREATE TABLE `admin` (
  `id_admin` int(3) NOT NULL,
  `username` varchar(11) NOT NULL,
  `password` varchar(45) NOT NULL,
  `nm_admin` varchar(14) NOT NULL,
  `ket` int(11) NOT NULL
) ENGINE=InnoDB DEFAULT CHARSET=latin1;

--
-- Dumping data for table `admin`
--

INSERT INTO `admin` (`id_admin`, `username`, `password`, `nm_admin`, `ket`) VALUES
(1, 'admin', '8cb2237d0679ca88db6464eac60da96345513964', 'admin', 0);

-- --------------------------------------------------------

--
-- Table structure for table `tbanggota`
--

CREATE TABLE `tbanggota` (
  `idanggota` varchar(5) NOT NULL,
  `nama` varchar(30) NOT NULL,
  `jeniskelamin` varchar(10) NOT NULL,
  `alamat` varchar(40) NOT NULL,
  `status` varchar(20) NOT NULL,
  `foto` varchar(50) NOT NULL
) ENGINE=InnoDB DEFAULT CHARSET=latin1;

--
-- Dumping data for table `tbanggota`
--

INSERT INTO `tbanggota` (`idanggota`, `nama`, `jeniskelamin`, `alamat`, `status`, `foto`) VALUES
('AG001', 'stendy b. sakur', 'Pria', 'manado', 'Tidak Meminjam', '85833.jpg'),
('AG002', 'Aini Rahmawati', 'Wanita', 'Jl.Anggrek No 45', 'Sedang Meminjam', '85807.jpg'),
('AG003', 'alvira pieter', 'Wanita', 'manado', 'Tidak Meminjam', '24710.jpg'),
('AG006', 'Shinta Riani', 'Wanita', 'JL.Jeruk No 1', 'Sedang Meminjam', '78349.jpg'),
('AG007', 'Irwan Hakim', 'Pria', 'Jl.Salak No 34', 'Tidak Meminjam', '84649.jpg'),
('AG008', 'Indah Dian', 'Wanita', 'Jl.Semangka No 23', 'Tidak Meminjam', 'AG008.jpg'),
('AG009', 'Rina Auliah', 'Wanita', 'Jl.Merpati No 44', 'Tidak Meminjam', '89687.jpg'),
('AG010', 'Septi Putri', 'Wanita', 'Jl.Beringin No 2', 'Tidak Meminjam', 'AG010.jpg'),
('AG011', 'anastasia desy sentinuwo', 'Wanita', 'tahuna - kuma', 'Tidak Meminjam', '61774.jpg'),
('AG015', 'almeera qiana azzahra sakur', 'Wanita', 'manado', 'Tidak Meminjam', '63952.jpg'),
('AG017', 'winny ayu perwitasari', 'Wanita', 'manado - sulut ', 'Tidak Meminjam', '43564.jpg'),
('AG018', 'muhammad isa al kahfi sakur', 'Pria', 'manado', 'Tidak Meminjam', '89773.jpeg'),
('AG019', 'queeny salsa bila essa', 'Wanita', 'manado', 'Tidak Meminjam', '48186.jpg'),
('AG023', 'james essa-updae', 'Pria', 'manado', 'Tidak Meminjam', '11445.jpg'),
('AG024', 'arifin p. tindi', 'Pria', 'tahuna', 'Tidak Meminjam', '61926.jpg'),
('AG025', 'desmin tuwohingide', 'Wanita', 'tahuna', 'Tidak Meminjam', '16231.jpg');

-- --------------------------------------------------------

--
-- Table structure for table `tbbuku`
--

CREATE TABLE `tbbuku` (
  `idbuku` varchar(5) NOT NULL,
  `judulbuku` varchar(50) NOT NULL,
  `kategori` varchar(50) NOT NULL,
  `pengarang` varchar(40) NOT NULL,
  `penerbit` varchar(40) NOT NULL,
  `status` varchar(10) NOT NULL
) ENGINE=InnoDB DEFAULT CHARSET=latin1;

--
-- Dumping data for table `tbbuku`
--

INSERT INTO `tbbuku` (`idbuku`, `judulbuku`, `kategori`, `pengarang`, `penerbit`, `status`) VALUES
('BK001', 'Belajar PHP', 'Ilmu Komputer', 'Candra', 'Media Baca', 'Dipinjam'),
('BK002', 'Belajar HTML', 'Ilmu Komputer', 'Rahmat Hakim', 'Media Baca', 'Dipinjam'),
('BK003', 'Kumpulan Puisi', 'Karya Sastra', 'Bejo', 'Media Kita', 'Tersedia'),
('BK004', 'Sejarah Islam', 'Ilmu Agama', 'Sutejo', 'Media Kita', 'Dipinjam'),
('BK005', 'Pintar CSS', 'Ilmu Komputer', 'Anton', 'Graha Buku', 'Tersedia'),
('BK006', 'Kumpulan Cerpen', 'Karya Sastra', 'Rudi', 'Media Aksara', 'Dipinjam'),
('BK007', 'Keamanan Data', 'Ilmu Komputer', 'Nusron', 'Media Cipta', 'Dipinjam'),
('BK008', 'Dasar-Dasar Database', 'Ilmu Komputer', 'Andi', 'Graha Media', 'Tersedia'),
('BK009', 'Kumpulan Cerpen 2', 'Karya Sastra', 'Sutejo', 'Media Cipta', 'Tersedia'),
('BK010', 'Peradaban Islam', 'Ilmu Agama', 'Aminnudin', 'Media Baca', 'Tersedia'),
('BK011', 'Kumpulan Cerpen 3', 'Karya Sastra', 'Rudi', 'Media Baca', 'Tersedia'),
('BK012', 'Teknologi Informasi', 'Ilmu Komputer', 'Andi A', 'Media Baca', 'Tersedia'),
('BK013', 'Dermaga Biru', 'Karya Sastra', 'Sutejo', 'Media Cipta', 'Tersedia');

-- --------------------------------------------------------

--
-- Table structure for table `tbtransaksi`
--

CREATE TABLE `tbtransaksi` (
  `idtransaksi` varchar(5) NOT NULL,
  `idanggota` varchar(5) NOT NULL,
  `idbuku` varchar(5) NOT NULL,
  `tglpinjam` date NOT NULL,
  `tglkembali` date NOT NULL
) ENGINE=InnoDB DEFAULT CHARSET=latin1;

--
-- Dumping data for table `tbtransaksi`
--

INSERT INTO `tbtransaksi` (`idtransaksi`, `idanggota`, `idbuku`, `tglpinjam`, `tglkembali`) VALUES
('TR001', 'AG002', 'BK002', '2016-11-03', '0000-00-00'),
('TR002', 'AG003', 'BK003', '2016-11-04', '2016-11-04'),
('TR003', 'AG001', 'BK001', '2016-11-04', '2021-02-23'),
('TR004', 'AG003', 'BK003', '2016-11-04', '2016-11-04'),
('TR005', 'AG006', 'BK004', '2016-11-04', '2021-02-23'),
('TR006', 'AG003', 'BK005', '2016-11-05', '2016-11-05'),
('TR007', 'AG008', 'BK013', '2016-11-05', '2021-02-23'),
('TR031', 'AG010', 'BK003', '2017-01-22', '2021-02-23');

-- --------------------------------------------------------

--
-- Table structure for table `tbuser`
--

CREATE TABLE `tbuser` (
  `iduser` varchar(5) NOT NULL,
  `nama` varchar(30) NOT NULL,
  `alamat` varchar(40) NOT NULL,
  `password` varchar(8) DEFAULT NULL
) ENGINE=InnoDB DEFAULT CHARSET=latin1;

--
-- Dumping data for table `tbuser`
--

INSERT INTO `tbuser` (`iduser`, `nama`, `alamat`, `password`) VALUES
('US001', 'Andi Rahman Hakim', 'Jl.Pramuka No 9', '1234');

--
-- Indexes for dumped tables
--

--
-- Indexes for table `admin`
--
ALTER TABLE `admin`
  ADD PRIMARY KEY (`id_admin`),
  ADD UNIQUE KEY `username` (`username`);

--
-- Indexes for table `tbanggota`
--
ALTER TABLE `tbanggota`
  ADD PRIMARY KEY (`idanggota`);

--
-- Indexes for table `tbbuku`
--
ALTER TABLE `tbbuku`
  ADD PRIMARY KEY (`idbuku`);

--
-- Indexes for table `tbtransaksi`
--
ALTER TABLE `tbtransaksi`
  ADD PRIMARY KEY (`idtransaksi`);

--
-- Indexes for table `tbuser`
--
ALTER TABLE `tbuser`
  ADD PRIMARY KEY (`iduser`);

--
-- AUTO_INCREMENT for dumped tables
--

--
-- AUTO_INCREMENT for table `admin`
--
ALTER TABLE `admin`
  MODIFY `id_admin` int(3) NOT NULL AUTO_INCREMENT, AUTO_INCREMENT=112;
COMMIT;

/*!40101 SET CHARACTER_SET_CLIENT=@OLD_CHARACTER_SET_CLIENT */;
/*!40101 SET CHARACTER_SET_RESULTS=@OLD_CHARACTER_SET_RESULTS */;
/*!40101 SET COLLATION_CONNECTION=@OLD_COLLATION_CONNECTION */;
